"lab","topicLabel","source"
"http://ROBOPROF.org/data#COMP6741_Lab02","movielens","file:///Users/sharanyu/Desktop/CleanIS/data/course_materials/COMP6741/Labs/Lab05/COMP-474-2234-UU_Lab%2520Session_05_Moodle.pdf"
"http://ROBOPROF.org/data#COMP6741_Lab02","this week","file:///Users/sharanyu/Desktop/CleanIS/data/course_materials/COMP6741/Labs/Lab05/COMP-474-2234-UU_Lab%2520Session_05_Moodle.pdf"
"http://ROBOPROF.org/data#COMP6741_Lab02","sparql","file:///Users/sharanyu/Desktop/CleanIS/data/course_materials/COMP6741/Lectures/Lecture04/slides/BaseQueries_and_LinkedOpenDataset04.pdf"
"http://ROBOPROF.org/data#COMP6741_Lab02","sparql","file:///Users/sharanyu/Desktop/CleanIS/data/course_materials/COMP6741/Labs/Lab05/COMP-474-2234-UU_Lab%2520Session_05_Moodle.pdf"
"http://ROBOPROF.org/data#COMP6741_Lab02","sparql","file:///Users/sharanyu/Desktop/CleanIS/data/course_materials/COMP6741/Labs/Lab02/COMP-474-2234-UU_Lab%2520Session_02_Moodle.pdf"
"http://ROBOPROF.org/data#COMP6741_Lab02","sparql","file:///Users/sharanyu/Desktop/CleanIS/data/course_materials/COMP6741/Labs/Lab04/COMP-474-2234-UU_Lab%2520Session_04_Moodle.pdf"
"http://ROBOPROF.org/data#COMP6741_Lab02","sparql","file:///Users/sharanyu/Desktop/CleanIS/data/course_materials/COMP6741/Labs/Lab03/COMP-474-2234-UU_Lab%2520Session_03_Moodle.pdf"
"http://ROBOPROF.org/data#COMP6741_Lab02","knowledge graph","file:///Users/sharanyu/Desktop/CleanIS/data/course_materials/COMP6741/Labs/Lab03/COMP-474-2234-UU_Lab%2520Session_03_Moodle.pdf"
"http://ROBOPROF.org/data#COMP6741_Lab02","knowledge graph","file:///Users/sharanyu/Desktop/CleanIS/data/course_materials/COMP6741/Lectures/Lecture02/slides/KnowledgeBase02.pdf"
"http://ROBOPROF.org/data#COMP6741_Lab02","windows","file:///Users/sharanyu/Desktop/CleanIS/data/course_materials/COMP6741/Labs/Lab01/COMP-474-2234-UU_Lab%2520Session_01_Moodle.pdf"
"http://ROBOPROF.org/data#COMP6741_Lab02","windows","file:///Users/sharanyu/Desktop/CleanIS/data/course_materials/COMP6741/Labs/Lab04/COMP-474-2234-UU_Lab%2520Session_04_Moodle.pdf"
"http://ROBOPROF.org/data#COMP6741_Lab02","http","file:///Users/sharanyu/Desktop/CleanIS/data/course_materials/COMP6741/Lectures/Lecture04/slides/BaseQueries_and_LinkedOpenDataset04.pdf"
"http://ROBOPROF.org/data#COMP6741_Lab02","http","file:///Users/sharanyu/Desktop/CleanIS/data/course_materials/COMP6741/Labs/Lab04/COMP-474-2234-UU_Lab%2520Session_04_Moodle.pdf"
"http://ROBOPROF.org/data#COMP6741_Lab02","rdf query language","file:///Users/sharanyu/Desktop/CleanIS/data/course_materials/COMP6741/Labs/Lab04/COMP-474-2234-UU_Lab%2520Session_04_Moodle.pdf"
"http://ROBOPROF.org/data#COMP6741_Lab02","linkedin","file:///Users/sharanyu/Desktop/CleanIS/data/course_materials/COMP6741/Labs/Lab04/COMP-474-2234-UU_Lab%2520Session_04_Moodle.pdf"
"http://ROBOPROF.org/data#COMP6741_Lab02","linkedin","file:///Users/sharanyu/Desktop/CleanIS/data/course_materials/COMP6741/Lectures/Lecture01/worksheets/worksheet01.pdf"
"http://ROBOPROF.org/data#COMP6741_Lab02","siri","file:///Users/sharanyu/Desktop/CleanIS/data/course_materials/COMP6741/Labs/Lab04/COMP-474-2234-UU_Lab%2520Session_04_Moodle.pdf"
"http://ROBOPROF.org/data#COMP6741_Lab02","siri","file:///Users/sharanyu/Desktop/CleanIS/data/course_materials/COMP6741/Labs/Lab03/COMP-474-2234-UU_Lab%2520Session_03_Moodle.pdf"
"http://ROBOPROF.org/data#COMP6741_Lab02","siri","file:///Users/sharanyu/Desktop/CleanIS/data/course_materials/COMP6741/Lectures/Lecture01/slides/Introduction_to_Intelligent_Systems01.pdf"
"http://ROBOPROF.org/data#COMP6741_Lab02","apple siri","file:///Users/sharanyu/Desktop/CleanIS/data/course_materials/COMP6741/Labs/Lab04/COMP-474-2234-UU_Lab%2520Session_04_Moodle.pdf"
"http://ROBOPROF.org/data#COMP6741_Lab02","apple siri","file:///Users/sharanyu/Desktop/CleanIS/data/course_materials/COMP6741/Labs/Lab03/COMP-474-2234-UU_Lab%2520Session_03_Moodle.pdf"
"http://ROBOPROF.org/data#COMP6741_Lab02","apple siri","file:///Users/sharanyu/Desktop/CleanIS/data/course_materials/COMP6741/Lectures/Lecture01/slides/Introduction_to_Intelligent_Systems01.pdf"
"http://ROBOPROF.org/data#COMP6741_Lab02","berlin","file:///Users/sharanyu/Desktop/CleanIS/data/course_materials/COMP6741/Labs/Lab04/COMP-474-2234-UU_Lab%2520Session_04_Moodle.pdf"
"http://ROBOPROF.org/data#COMP6741_Lab02","ai","file:///Users/sharanyu/Desktop/CleanIS/data/course_materials/COMP6741/Lectures/Lecture03/slides/VocabulariesAndOntologies03.pdf"
"http://ROBOPROF.org/data#COMP6741_Lab02","ai","file:///Users/sharanyu/Desktop/CleanIS/data/course_materials/COMP6741/Labs/Lab02/COMP-474-2234-UU_Lab%2520Session_02_Moodle.pdf"
"http://ROBOPROF.org/data#COMP6741_Lab02","ai","file:///Users/sharanyu/Desktop/CleanIS/data/course_materials/COMP6741/Labs/Lab04/COMP-474-2234-UU_Lab%2520Session_04_Moodle.pdf"
"http://ROBOPROF.org/data#COMP6741_Lab02","ai","file:///Users/sharanyu/Desktop/CleanIS/data/course_materials/COMP6741/Labs/Lab03/COMP-474-2234-UU_Lab%2520Session_03_Moodle.pdf"
"http://ROBOPROF.org/data#COMP6741_Lab02","ai","file:///Users/sharanyu/Desktop/CleanIS/data/course_materials/COMP6741/Lectures/Lecture01/slides/Introduction_to_Intelligent_Systems01.pdf"
"http://ROBOPROF.org/data#COMP6741_Lab02","ai","file:///Users/sharanyu/Desktop/CleanIS/data/course_materials/COMP6741/Lectures/Lecture02/slides/KnowledgeBase02.pdf"
"http://ROBOPROF.org/data#COMP6741_Lab02","ai","file:///Users/sharanyu/Desktop/CleanIS/data/course_materials/COMP6741/Lectures/Lecture06/slides/MachineLearning06.pdf"
"http://ROBOPROF.org/data#COMP6741_Lab02","artificial intelligence","file:///Users/sharanyu/Desktop/CleanIS/data/course_materials/COMP6741/Lectures/Lecture03/slides/VocabulariesAndOntologies03.pdf"
"http://ROBOPROF.org/data#COMP6741_Lab02","artificial intelligence","file:///Users/sharanyu/Desktop/CleanIS/data/course_materials/COMP6741/Labs/Lab02/COMP-474-2234-UU_Lab%2520Session_02_Moodle.pdf"
"http://ROBOPROF.org/data#COMP6741_Lab02","artificial intelligence","file:///Users/sharanyu/Desktop/CleanIS/data/course_materials/COMP6741/Labs/Lab04/COMP-474-2234-UU_Lab%2520Session_04_Moodle.pdf"
"http://ROBOPROF.org/data#COMP6741_Lab02","artificial intelligence","file:///Users/sharanyu/Desktop/CleanIS/data/course_materials/COMP6741/Labs/Lab03/COMP-474-2234-UU_Lab%2520Session_03_Moodle.pdf"
"http://ROBOPROF.org/data#COMP6741_Lab02","artificial intelligence","file:///Users/sharanyu/Desktop/CleanIS/data/course_materials/COMP6741/Lectures/Lecture01/slides/Introduction_to_Intelligent_Systems01.pdf"
"http://ROBOPROF.org/data#COMP6741_Lab02","artificial intelligence","file:///Users/sharanyu/Desktop/CleanIS/data/course_materials/COMP6741/Lectures/Lecture02/slides/KnowledgeBase02.pdf"
"http://ROBOPROF.org/data#COMP6741_Lab02","artificial intelligence","file:///Users/sharanyu/Desktop/CleanIS/data/course_materials/COMP6741/Lectures/Lecture06/slides/MachineLearning06.pdf"
"http://ROBOPROF.org/data#COMP6741_Lab02","intelligent systems","file:///Users/sharanyu/Desktop/CleanIS/data/course_materials/COMP6741/Lectures/Lecture03/slides/VocabulariesAndOntologies03.pdf"
"http://ROBOPROF.org/data#COMP6741_Lab02","intelligent systems","file:///Users/sharanyu/Desktop/CleanIS/data/course_materials/COMP6741/Labs/Lab02/COMP-474-2234-UU_Lab%2520Session_02_Moodle.pdf"
"http://ROBOPROF.org/data#COMP6741_Lab02","intelligent systems","file:///Users/sharanyu/Desktop/CleanIS/data/course_materials/COMP6741/Labs/Lab04/COMP-474-2234-UU_Lab%2520Session_04_Moodle.pdf"
"http://ROBOPROF.org/data#COMP6741_Lab02","intelligent systems","file:///Users/sharanyu/Desktop/CleanIS/data/course_materials/COMP6741/Labs/Lab03/COMP-474-2234-UU_Lab%2520Session_03_Moodle.pdf"
"http://ROBOPROF.org/data#COMP6741_Lab02","intelligent systems","file:///Users/sharanyu/Desktop/CleanIS/data/course_materials/COMP6741/Lectures/Lecture01/slides/Introduction_to_Intelligent_Systems01.pdf"
"http://ROBOPROF.org/data#COMP6741_Lab02","intelligent systems","file:///Users/sharanyu/Desktop/CleanIS/data/course_materials/COMP6741/Lectures/Lecture02/slides/KnowledgeBase02.pdf"
"http://ROBOPROF.org/data#COMP6741_Lab02","intelligent systems","file:///Users/sharanyu/Desktop/CleanIS/data/course_materials/COMP6741/Lectures/Lecture06/slides/MachineLearning06.pdf"
"http://ROBOPROF.org/data#COMP6741_Lab02","montreal","file:///Users/sharanyu/Desktop/CleanIS/data/course_materials/COMP6741/Lectures/Lecture03/worksheets/worksheet03.pdf"
"http://ROBOPROF.org/data#COMP6741_Lab02","montreal","file:///Users/sharanyu/Desktop/CleanIS/data/course_materials/COMP6741/Labs/Lab02/COMP-474-2234-UU_Lab%2520Session_02_Moodle.pdf"
"http://ROBOPROF.org/data#COMP6741_Lab02","montreal","file:///Users/sharanyu/Desktop/CleanIS/data/course_materials/COMP6741/Lectures/Lecture01/worksheets/worksheet01.pdf"
"http://ROBOPROF.org/data#COMP6741_Lab02","montreal","file:///Users/sharanyu/Desktop/CleanIS/data/course_materials/COMP6741/Labs/Lab03/COMP-474-2234-UU_Lab%2520Session_03_Moodle.pdf"
"http://ROBOPROF.org/data#COMP6741_Lab02","ta","file:///Users/sharanyu/Desktop/CleanIS/data/course_materials/COMP6741/Labs/Lab05/COMP-474-2234-UU_Lab%2520Session_05_Moodle.pdf"
"http://ROBOPROF.org/data#COMP6741_Lab02","canada","file:///Users/sharanyu/Desktop/CleanIS/data/course_materials/COMP6741/Lectures/Lecture04/slides/BaseQueries_and_LinkedOpenDataset04.pdf"
"http://ROBOPROF.org/data#COMP6741_Lab02","canada","file:///Users/sharanyu/Desktop/CleanIS/data/course_materials/COMP6741/Labs/Lab05/COMP-474-2234-UU_Lab%2520Session_05_Moodle.pdf"
"http://ROBOPROF.org/data#COMP6741_Lab02","canada","file:///Users/sharanyu/Desktop/CleanIS/data/course_materials/COMP6741/Labs/Lab04/COMP-474-2234-UU_Lab%2520Session_04_Moodle.pdf"
"http://ROBOPROF.org/data#COMP6741_Lab02","canada","file:///Users/sharanyu/Desktop/CleanIS/data/course_materials/SOEN6431/Lectures/Lecture03/readings/TechnicalDebt03.pdf"
"http://ROBOPROF.org/data#COMP6741_Lab02","canada","file:///Users/sharanyu/Desktop/CleanIS/data/course_materials/COMP6741/Labs/Lab03/COMP-474-2234-UU_Lab%2520Session_03_Moodle.pdf"
"http://ROBOPROF.org/data#COMP6741_Lab02","canada","file:///Users/sharanyu/Desktop/CleanIS/data/course_materials/SOEN6431/Lectures/Lecture04/slides/MiningSoftwareRepositories04.pdf"
"http://ROBOPROF.org/data#COMP6741_Lab02","rdf schema","file:///Users/sharanyu/Desktop/CleanIS/data/course_materials/COMP6741/Lectures/Lecture03/slides/VocabulariesAndOntologies03.pdf"
"http://ROBOPROF.org/data#COMP6741_Lab02","rdf schema","file:///Users/sharanyu/Desktop/CleanIS/data/course_materials/COMP6741/Lectures/Lecture04/slides/BaseQueries_and_LinkedOpenDataset04.pdf"
"http://ROBOPROF.org/data#COMP6741_Lab02","rdf schema","file:///Users/sharanyu/Desktop/CleanIS/data/course_materials/COMP6741/Labs/Lab02/COMP-474-2234-UU_Lab%2520Session_02_Moodle.pdf"
"http://ROBOPROF.org/data#COMP6741_Lab02","rdf schema","file:///Users/sharanyu/Desktop/CleanIS/data/course_materials/COMP6741/Labs/Lab04/COMP-474-2234-UU_Lab%2520Session_04_Moodle.pdf"
"http://ROBOPROF.org/data#COMP6741_Lab02","rdf schema","file:///Users/sharanyu/Desktop/CleanIS/data/course_materials/COMP6741/Labs/Lab03/COMP-474-2234-UU_Lab%2520Session_03_Moodle.pdf"
"http://ROBOPROF.org/data#COMP6741_Lab02","rdf schema","file:///Users/sharanyu/Desktop/CleanIS/data/course_materials/COMP6741/Lectures/Lecture02/slides/KnowledgeBase02.pdf"
"http://ROBOPROF.org/data#COMP6741_Lab02","rdf schema","file:///Users/sharanyu/Desktop/CleanIS/data/course_materials/COMP6741/Lectures/Lecture06/slides/MachineLearning06.pdf"
"http://ROBOPROF.org/data#COMP6741_Lab02","rdfs","file:///Users/sharanyu/Desktop/CleanIS/data/course_materials/COMP6741/Lectures/Lecture03/slides/VocabulariesAndOntologies03.pdf"
"http://ROBOPROF.org/data#COMP6741_Lab02","rdfs","file:///Users/sharanyu/Desktop/CleanIS/data/course_materials/COMP6741/Lectures/Lecture04/slides/BaseQueries_and_LinkedOpenDataset04.pdf"
"http://ROBOPROF.org/data#COMP6741_Lab02","rdfs","file:///Users/sharanyu/Desktop/CleanIS/data/course_materials/COMP6741/Labs/Lab02/COMP-474-2234-UU_Lab%2520Session_02_Moodle.pdf"
"http://ROBOPROF.org/data#COMP6741_Lab02","rdfs","file:///Users/sharanyu/Desktop/CleanIS/data/course_materials/COMP6741/Labs/Lab04/COMP-474-2234-UU_Lab%2520Session_04_Moodle.pdf"
"http://ROBOPROF.org/data#COMP6741_Lab02","rdfs","file:///Users/sharanyu/Desktop/CleanIS/data/course_materials/COMP6741/Labs/Lab03/COMP-474-2234-UU_Lab%2520Session_03_Moodle.pdf"
"http://ROBOPROF.org/data#COMP6741_Lab02","rdfs","file:///Users/sharanyu/Desktop/CleanIS/data/course_materials/COMP6741/Lectures/Lecture02/slides/KnowledgeBase02.pdf"
"http://ROBOPROF.org/data#COMP6741_Lab02","rdfs","file:///Users/sharanyu/Desktop/CleanIS/data/course_materials/COMP6741/Lectures/Lecture06/slides/MachineLearning06.pdf"
"http://ROBOPROF.org/data#COMP6741_Lab02","dbp","file:///Users/sharanyu/Desktop/CleanIS/data/course_materials/COMP6741/Labs/Lab03/COMP-474-2234-UU_Lab%2520Session_03_Moodle.pdf"
"http://ROBOPROF.org/data#COMP6741_Lab02","netflix","file:///Users/sharanyu/Desktop/CleanIS/data/course_materials/COMP6741/Lectures/Lecture05/slides/RecommederSystems05.pdf"
"http://ROBOPROF.org/data#COMP6741_Lab02","netflix","file:///Users/sharanyu/Desktop/CleanIS/data/course_materials/COMP6741/Labs/Lab04/COMP-474-2234-UU_Lab%2520Session_04_Moodle.pdf"
"http://ROBOPROF.org/data#COMP6741_Lab02","netflix","file:///Users/sharanyu/Desktop/CleanIS/data/course_materials/COMP6741/Lectures/Lecture06/slides/MachineLearning06.pdf"
"http://ROBOPROF.org/data#COMP6741_Lab02","wikidata","file:///Users/sharanyu/Desktop/CleanIS/data/course_materials/COMP6741/Labs/Lab05/COMP-474-2234-UU_Lab%2520Session_05_Moodle.pdf"
"http://ROBOPROF.org/data#COMP6741_Lab02","wikidata","file:///Users/sharanyu/Desktop/CleanIS/data/course_materials/COMP6741/Lectures/Lecture03/worksheets/worksheet03.pdf"
"http://ROBOPROF.org/data#COMP6741_Lab02","wikidata","file:///Users/sharanyu/Desktop/CleanIS/data/course_materials/COMP6741/Labs/Lab02/COMP-474-2234-UU_Lab%2520Session_02_Moodle.pdf"
"http://ROBOPROF.org/data#COMP6741_Lab02","wikidata","file:///Users/sharanyu/Desktop/CleanIS/data/course_materials/COMP6741/Labs/Lab04/COMP-474-2234-UU_Lab%2520Session_04_Moodle.pdf"
"http://ROBOPROF.org/data#COMP6741_Lab02","wikidata","file:///Users/sharanyu/Desktop/CleanIS/data/course_materials/COMP6741/Lectures/Lecture01/worksheets/worksheet01.pdf"
"http://ROBOPROF.org/data#COMP6741_Lab02","wikidata","file:///Users/sharanyu/Desktop/CleanIS/data/course_materials/COMP6741/Labs/Lab03/COMP-474-2234-UU_Lab%2520Session_03_Moodle.pdf"
"http://ROBOPROF.org/data#COMP6741_Lab02","wikidata","file:///Users/sharanyu/Desktop/CleanIS/data/course_materials/COMP6741/Lectures/Lecture02/slides/KnowledgeBase02.pdf"
"http://ROBOPROF.org/data#COMP6741_Lab02","graph","file:///Users/sharanyu/Desktop/CleanIS/data/course_materials/COMP6741/Lectures/Lecture04/slides/BaseQueries_and_LinkedOpenDataset04.pdf"
"http://ROBOPROF.org/data#COMP6741_Lab02","graph","file:///Users/sharanyu/Desktop/CleanIS/data/course_materials/COMP6741/Labs/Lab02/COMP-474-2234-UU_Lab%2520Session_02_Moodle.pdf"
"http://ROBOPROF.org/data#COMP6741_Lab02","graph","file:///Users/sharanyu/Desktop/CleanIS/data/course_materials/COMP6741/Lectures/Lecture02/slides/KnowledgeBase02.pdf"
"http://ROBOPROF.org/data#COMP6741_Lab02","mcgill","file:///Users/sharanyu/Desktop/CleanIS/data/course_materials/COMP6741/Lectures/Lecture06/worksheets/worksheet06.pdf"
"http://ROBOPROF.org/data#COMP6741_Lab02","mcgill","file:///Users/sharanyu/Desktop/CleanIS/data/course_materials/COMP6741/Lectures/Lecture01/worksheets/worksheet01.pdf"
"http://ROBOPROF.org/data#COMP6741_Lab02","mcgill","file:///Users/sharanyu/Desktop/CleanIS/data/course_materials/COMP6741/Labs/Lab03/COMP-474-2234-UU_Lab%2520Session_03_Moodle.pdf"
"http://ROBOPROF.org/data#COMP6741_Lab02","mcgill university","file:///Users/sharanyu/Desktop/CleanIS/data/course_materials/COMP6741/Lectures/Lecture06/worksheets/worksheet06.pdf"
"http://ROBOPROF.org/data#COMP6741_Lab02","mcgill university","file:///Users/sharanyu/Desktop/CleanIS/data/course_materials/COMP6741/Lectures/Lecture01/worksheets/worksheet01.pdf"
"http://ROBOPROF.org/data#COMP6741_Lab02","mcgill university","file:///Users/sharanyu/Desktop/CleanIS/data/course_materials/COMP6741/Labs/Lab03/COMP-474-2234-UU_Lab%2520Session_03_Moodle.pdf"
"http://ROBOPROF.org/data#COMP6741_Lab02","rdf","file:///Users/sharanyu/Desktop/CleanIS/data/course_materials/COMP6741/Lectures/Lecture03/slides/VocabulariesAndOntologies03.pdf"
"http://ROBOPROF.org/data#COMP6741_Lab02","rdf","file:///Users/sharanyu/Desktop/CleanIS/data/course_materials/COMP6741/Lectures/Lecture04/slides/BaseQueries_and_LinkedOpenDataset04.pdf"
"http://ROBOPROF.org/data#COMP6741_Lab02","rdf","file:///Users/sharanyu/Desktop/CleanIS/data/course_materials/COMP6741/Lectures/Lecture06/worksheets/worksheet06.pdf"
"http://ROBOPROF.org/data#COMP6741_Lab02","rdf","file:///Users/sharanyu/Desktop/CleanIS/data/course_materials/COMP6741/Lectures/Lecture02/worksheets/worksheet02.pdf"
"http://ROBOPROF.org/data#COMP6741_Lab02","rdf","file:///Users/sharanyu/Desktop/CleanIS/data/course_materials/COMP6741/Labs/Lab02/COMP-474-2234-UU_Lab%2520Session_02_Moodle.pdf"
"http://ROBOPROF.org/data#COMP6741_Lab02","rdf","file:///Users/sharanyu/Desktop/CleanIS/data/course_materials/COMP6741/Labs/Lab04/COMP-474-2234-UU_Lab%2520Session_04_Moodle.pdf"
"http://ROBOPROF.org/data#COMP6741_Lab02","rdf","file:///Users/sharanyu/Desktop/CleanIS/data/course_materials/COMP6741/Lectures/Lecture01/worksheets/worksheet01.pdf"
"http://ROBOPROF.org/data#COMP6741_Lab02","rdf","file:///Users/sharanyu/Desktop/CleanIS/data/course_materials/COMP6741/Labs/Lab03/COMP-474-2234-UU_Lab%2520Session_03_Moodle.pdf"
"http://ROBOPROF.org/data#COMP6741_Lab02","rdf","file:///Users/sharanyu/Desktop/CleanIS/data/course_materials/COMP6741/Lectures/Lecture01/slides/Introduction_to_Intelligent_Systems01.pdf"
"http://ROBOPROF.org/data#COMP6741_Lab02","rdf","file:///Users/sharanyu/Desktop/CleanIS/data/course_materials/COMP6741/Lectures/Lecture02/slides/KnowledgeBase02.pdf"
"http://ROBOPROF.org/data#COMP6741_Lab02","loyola college","file:///Users/sharanyu/Desktop/CleanIS/data/course_materials/COMP6741/Labs/Lab03/COMP-474-2234-UU_Lab%2520Session_03_Moodle.pdf"
"http://ROBOPROF.org/data#COMP6741_Lab02","moodle","file:///Users/sharanyu/Desktop/CleanIS/data/course_materials/COMP6741/Labs/Lab01/COMP-474-2234-UU_Lab%2520Session_01_Moodle.pdf"
"http://ROBOPROF.org/data#COMP6741_Lab02","moodle","file:///Users/sharanyu/Desktop/CleanIS/data/course_materials/COMP6741/Labs/Lab05/COMP-474-2234-UU_Lab%2520Session_05_Moodle.pdf"
"http://ROBOPROF.org/data#COMP6741_Lab02","moodle","file:///Users/sharanyu/Desktop/CleanIS/data/course_materials/COMP6741/Labs/Lab02/COMP-474-2234-UU_Lab%2520Session_02_Moodle.pdf"
"http://ROBOPROF.org/data#COMP6741_Lab02","moodle","file:///Users/sharanyu/Desktop/CleanIS/data/course_materials/COMP6741/Labs/Lab03/COMP-474-2234-UU_Lab%2520Session_03_Moodle.pdf"
"http://ROBOPROF.org/data#COMP6741_Lab02","concordia university","file:///Users/sharanyu/Desktop/CleanIS/data/course_materials/COMP6741/Lectures/Lecture06/worksheets/worksheet06.pdf"
"http://ROBOPROF.org/data#COMP6741_Lab02","concordia university","file:///Users/sharanyu/Desktop/CleanIS/data/course_materials/COMP6741/Labs/Lab05/COMP-474-2234-UU_Lab%2520Session_05_Moodle.pdf"
"http://ROBOPROF.org/data#COMP6741_Lab02","concordia university","file:///Users/sharanyu/Desktop/CleanIS/data/course_materials/COMP6741/Lectures/Lecture03/worksheets/worksheet03.pdf"
"http://ROBOPROF.org/data#COMP6741_Lab02","concordia university","file:///Users/sharanyu/Desktop/CleanIS/data/course_materials/COMP6741/Labs/Lab02/COMP-474-2234-UU_Lab%2520Session_02_Moodle.pdf"
"http://ROBOPROF.org/data#COMP6741_Lab02","concordia university","file:///Users/sharanyu/Desktop/CleanIS/data/course_materials/COMP6741/Labs/Lab04/COMP-474-2234-UU_Lab%2520Session_04_Moodle.pdf"
"http://ROBOPROF.org/data#COMP6741_Lab02","concordia university","file:///Users/sharanyu/Desktop/CleanIS/data/course_materials/COMP6741/Lectures/Lecture01/worksheets/worksheet01.pdf"
"http://ROBOPROF.org/data#COMP6741_Lab02","concordia university","file:///Users/sharanyu/Desktop/CleanIS/data/course_materials/COMP6741/Labs/Lab03/COMP-474-2234-UU_Lab%2520Session_03_Moodle.pdf"
"http://ROBOPROF.org/data#COMP6741_Lab02","java","file:///Users/sharanyu/Desktop/CleanIS/data/course_materials/COMP6741/Labs/Lab02/COMP-474-2234-UU_Lab%2520Session_02_Moodle.pdf"
"http://ROBOPROF.org/data#COMP6741_Lab02","java","file:///Users/sharanyu/Desktop/CleanIS/data/course_materials/SOEN6431/Lectures/Lecture05/readings/ContiniousIntegration05.pdf"
"http://ROBOPROF.org/data#COMP6741_Lab02","java","file:///Users/sharanyu/Desktop/CleanIS/data/course_materials/SOEN6431/Lectures/Lecture04/slides/MiningSoftwareRepositories04.pdf"
"http://ROBOPROF.org/data#COMP6741_Lab02","java","file:///Users/sharanyu/Desktop/CleanIS/data/course_materials/COMP6741/Lectures/Lecture02/slides/KnowledgeBase02.pdf"
"http://ROBOPROF.org/data#COMP6741_Lab02","quebec","file:///Users/sharanyu/Desktop/CleanIS/data/course_materials/COMP6741/Labs/Lab03/COMP-474-2234-UU_Lab%2520Session_03_Moodle.pdf"
"http://ROBOPROF.org/data#COMP6741_Lab02","wikipedia","file:///Users/sharanyu/Desktop/CleanIS/data/course_materials/COMP6741/Lectures/Lecture04/slides/BaseQueries_and_LinkedOpenDataset04.pdf"
"http://ROBOPROF.org/data#COMP6741_Lab02","wikipedia","file:///Users/sharanyu/Desktop/CleanIS/data/course_materials/COMP6741/Lectures/Lecture06/worksheets/worksheet06.pdf"
"http://ROBOPROF.org/data#COMP6741_Lab02","wikipedia","file:///Users/sharanyu/Desktop/CleanIS/data/course_materials/COMP6741/Labs/Lab05/COMP-474-2234-UU_Lab%2520Session_05_Moodle.pdf"
"http://ROBOPROF.org/data#COMP6741_Lab02","wikipedia","file:///Users/sharanyu/Desktop/CleanIS/data/course_materials/COMP6741/Lectures/Lecture02/slides/KnowledgeBase02.pdf"
"http://ROBOPROF.org/data#COMP6741_Lab02","concordia","file:///Users/sharanyu/Desktop/CleanIS/data/course_materials/COMP6741/Lectures/Lecture06/worksheets/worksheet06.pdf"
"http://ROBOPROF.org/data#COMP6741_Lab02","concordia","file:///Users/sharanyu/Desktop/CleanIS/data/course_materials/COMP6741/Lectures/Lecture02/worksheets/worksheet02.pdf"
"http://ROBOPROF.org/data#COMP6741_Lab02","concordia","file:///Users/sharanyu/Desktop/CleanIS/data/course_materials/COMP6741/Labs/Lab01/COMP-474-2234-UU_Lab%2520Session_01_Moodle.pdf"
"http://ROBOPROF.org/data#COMP6741_Lab02","concordia","file:///Users/sharanyu/Desktop/CleanIS/data/course_materials/COMP6741/Lectures/Lecture03/worksheets/worksheet03.pdf"
"http://ROBOPROF.org/data#COMP6741_Lab02","concordia","file:///Users/sharanyu/Desktop/CleanIS/data/course_materials/COMP6741/Labs/Lab02/COMP-474-2234-UU_Lab%2520Session_02_Moodle.pdf"
"http://ROBOPROF.org/data#COMP6741_Lab02","concordia","file:///Users/sharanyu/Desktop/CleanIS/data/course_materials/COMP6741/Lectures/Lecture01/worksheets/worksheet01.pdf"
"http://ROBOPROF.org/data#COMP6741_Lab02","concordia","file:///Users/sharanyu/Desktop/CleanIS/data/course_materials/COMP6741/Labs/Lab03/COMP-474-2234-UU_Lab%2520Session_03_Moodle.pdf"
"http://ROBOPROF.org/data#COMP6741_Lab02","linked data","file:///Users/sharanyu/Desktop/CleanIS/data/course_materials/COMP6741/Lectures/Lecture03/slides/VocabulariesAndOntologies03.pdf"
"http://ROBOPROF.org/data#COMP6741_Lab02","linked data","file:///Users/sharanyu/Desktop/CleanIS/data/course_materials/COMP6741/Lectures/Lecture04/slides/BaseQueries_and_LinkedOpenDataset04.pdf"
"http://ROBOPROF.org/data#COMP6741_Lab02","linked data","file:///Users/sharanyu/Desktop/CleanIS/data/course_materials/COMP6741/Labs/Lab05/COMP-474-2234-UU_Lab%2520Session_05_Moodle.pdf"
"http://ROBOPROF.org/data#COMP6741_Lab02","linked open data","file:///Users/sharanyu/Desktop/CleanIS/data/course_materials/COMP6741/Lectures/Lecture03/slides/VocabulariesAndOntologies03.pdf"
"http://ROBOPROF.org/data#COMP6741_Lab02","linked open data","file:///Users/sharanyu/Desktop/CleanIS/data/course_materials/COMP6741/Lectures/Lecture04/slides/BaseQueries_and_LinkedOpenDataset04.pdf"
"http://ROBOPROF.org/data#COMP6741_Lab02","linked open data","file:///Users/sharanyu/Desktop/CleanIS/data/course_materials/COMP6741/Labs/Lab05/COMP-474-2234-UU_Lab%2520Session_05_Moodle.pdf"
"http://ROBOPROF.org/data#COMP6741_Lab02","english","file:///Users/sharanyu/Desktop/CleanIS/data/course_materials/COMP6741/Lectures/Lecture06/worksheets/worksheet06.pdf"
"http://ROBOPROF.org/data#COMP6741_Lab02","english","file:///Users/sharanyu/Desktop/CleanIS/data/course_materials/COMP6741/Lectures/Lecture02/worksheets/worksheet02.pdf"
"http://ROBOPROF.org/data#COMP6741_Lab02","english","file:///Users/sharanyu/Desktop/CleanIS/data/course_materials/COMP6741/Labs/Lab05/COMP-474-2234-UU_Lab%2520Session_05_Moodle.pdf"
"http://ROBOPROF.org/data#COMP6741_Lab02","english","file:///Users/sharanyu/Desktop/CleanIS/data/course_materials/COMP6741/Labs/Lab04/COMP-474-2234-UU_Lab%2520Session_04_Moodle.pdf"
"http://ROBOPROF.org/data#COMP6741_Lab02","english","file:///Users/sharanyu/Desktop/CleanIS/data/course_materials/COMP6741/Labs/Lab03/COMP-474-2234-UU_Lab%2520Session_03_Moodle.pdf"
"http://ROBOPROF.org/data#COMP6741_Lab02","english","file:///Users/sharanyu/Desktop/CleanIS/data/course_materials/COMP6741/Lectures/Lecture01/slides/Introduction_to_Intelligent_Systems01.pdf"
"http://ROBOPROF.org/data#COMP6741_Lab02","dbpedia","file:///Users/sharanyu/Desktop/CleanIS/data/course_materials/COMP6741/Lectures/Lecture04/slides/BaseQueries_and_LinkedOpenDataset04.pdf"
"http://ROBOPROF.org/data#COMP6741_Lab02","dbpedia","file:///Users/sharanyu/Desktop/CleanIS/data/course_materials/COMP6741/Lectures/Lecture06/worksheets/worksheet06.pdf"
"http://ROBOPROF.org/data#COMP6741_Lab02","dbpedia","file:///Users/sharanyu/Desktop/CleanIS/data/course_materials/COMP6741/Labs/Lab05/COMP-474-2234-UU_Lab%2520Session_05_Moodle.pdf"
"http://ROBOPROF.org/data#COMP6741_Lab02","dbpedia","file:///Users/sharanyu/Desktop/CleanIS/data/course_materials/COMP6741/Lectures/Lecture03/worksheets/worksheet03.pdf"
"http://ROBOPROF.org/data#COMP6741_Lab02","dbpedia","file:///Users/sharanyu/Desktop/CleanIS/data/course_materials/COMP6741/Labs/Lab02/COMP-474-2234-UU_Lab%2520Session_02_Moodle.pdf"
"http://ROBOPROF.org/data#COMP6741_Lab02","dbpedia","file:///Users/sharanyu/Desktop/CleanIS/data/course_materials/COMP6741/Labs/Lab04/COMP-474-2234-UU_Lab%2520Session_04_Moodle.pdf"
"http://ROBOPROF.org/data#COMP6741_Lab02","dbpedia","file:///Users/sharanyu/Desktop/CleanIS/data/course_materials/COMP6741/Labs/Lab03/COMP-474-2234-UU_Lab%2520Session_03_Moodle.pdf"
"http://ROBOPROF.org/data#COMP6741_Lab02","dbpedia","file:///Users/sharanyu/Desktop/CleanIS/data/course_materials/COMP6741/Lectures/Lecture02/slides/KnowledgeBase02.pdf"
"http://ROBOPROF.org/data#COMP6741_Lab02","github","file:///Users/sharanyu/Desktop/CleanIS/data/course_materials/COMP6741/Labs/Lab01/COMP-474-2234-UU_Lab%2520Session_01_Moodle.pdf"
"http://ROBOPROF.org/data#COMP6741_Lab02","github","file:///Users/sharanyu/Desktop/CleanIS/data/course_materials/COMP6741/Labs/Lab05/COMP-474-2234-UU_Lab%2520Session_05_Moodle.pdf"
"http://ROBOPROF.org/data#COMP6741_Lab02","anaconda","file:///Users/sharanyu/Desktop/CleanIS/data/course_materials/COMP6741/Labs/Lab05/COMP-474-2234-UU_Lab%2520Session_05_Moodle.pdf"
"http://ROBOPROF.org/data#COMP6741_Lab02","spotify","file:///Users/sharanyu/Desktop/CleanIS/data/course_materials/COMP6741/Labs/Lab04/COMP-474-2234-UU_Lab%2520Session_04_Moodle.pdf"
"http://ROBOPROF.org/data#COMP6741_Lab02","gui","file:///Users/sharanyu/Desktop/CleanIS/data/course_materials/COMP6741/Labs/Lab04/COMP-474-2234-UU_Lab%2520Session_04_Moodle.pdf"
"http://ROBOPROF.org/data#COMP6741_Lab02","n-triples","file:///Users/sharanyu/Desktop/CleanIS/data/course_materials/COMP6741/Lectures/Lecture04/slides/BaseQueries_and_LinkedOpenDataset04.pdf"
"http://ROBOPROF.org/data#COMP6741_Lab02","n-triples","file:///Users/sharanyu/Desktop/CleanIS/data/course_materials/COMP6741/Labs/Lab02/COMP-474-2234-UU_Lab%2520Session_02_Moodle.pdf"
"http://ROBOPROF.org/data#COMP6741_Lab02","n-triples","file:///Users/sharanyu/Desktop/CleanIS/data/course_materials/COMP6741/Lectures/Lecture02/slides/KnowledgeBase02.pdf"
"http://ROBOPROF.org/data#COMP6741_Lab02","xor","file:///Users/sharanyu/Desktop/CleanIS/data/course_materials/COMP6741/Labs/Lab02/COMP-474-2234-UU_Lab%2520Session_02_Moodle.pdf"
"http://ROBOPROF.org/data#COMP6741_Lab02","linux","file:///Users/sharanyu/Desktop/CleanIS/data/course_materials/COMP6741/Labs/Lab01/COMP-474-2234-UU_Lab%2520Session_01_Moodle.pdf"
"http://ROBOPROF.org/data#COMP6741_Lab02","linux","file:///Users/sharanyu/Desktop/CleanIS/data/course_materials/COMP6741/Labs/Lab04/COMP-474-2234-UU_Lab%2520Session_04_Moodle.pdf"
"http://ROBOPROF.org/data#COMP6741_Lab02","linux","file:///Users/sharanyu/Desktop/CleanIS/data/course_materials/SOEN6431/Lectures/Lecture05/slides/SoftwareRepositories05.pdf"
"http://ROBOPROF.org/data#COMP6741_Lab02","apache","file:///Users/sharanyu/Desktop/CleanIS/data/course_materials/COMP6741/Labs/Lab04/COMP-474-2234-UU_Lab%2520Session_04_Moodle.pdf"
"http://ROBOPROF.org/data#COMP6741_Lab02","amazon alexa","file:///Users/sharanyu/Desktop/CleanIS/data/course_materials/COMP6741/Labs/Lab04/COMP-474-2234-UU_Lab%2520Session_04_Moodle.pdf"
"http://ROBOPROF.org/data#COMP6741_Lab02","amazon alexa","file:///Users/sharanyu/Desktop/CleanIS/data/course_materials/COMP6741/Labs/Lab03/COMP-474-2234-UU_Lab%2520Session_03_Moodle.pdf"
"http://ROBOPROF.org/data#COMP6741_Lab02","amazon alexa","file:///Users/sharanyu/Desktop/CleanIS/data/course_materials/COMP6741/Lectures/Lecture01/slides/Introduction_to_Intelligent_Systems01.pdf"
"http://ROBOPROF.org/data#COMP6741_Lab02","alexa","file:///Users/sharanyu/Desktop/CleanIS/data/course_materials/COMP6741/Labs/Lab04/COMP-474-2234-UU_Lab%2520Session_04_Moodle.pdf"
"http://ROBOPROF.org/data#COMP6741_Lab02","alexa","file:///Users/sharanyu/Desktop/CleanIS/data/course_materials/COMP6741/Labs/Lab03/COMP-474-2234-UU_Lab%2520Session_03_Moodle.pdf"
"http://ROBOPROF.org/data#COMP6741_Lab02","alexa","file:///Users/sharanyu/Desktop/CleanIS/data/course_materials/COMP6741/Lectures/Lecture01/slides/Introduction_to_Intelligent_Systems01.pdf"
"http://ROBOPROF.org/data#COMP6741_Lab02","powershell","file:///Users/sharanyu/Desktop/CleanIS/data/course_materials/COMP6741/Labs/Lab04/COMP-474-2234-UU_Lab%2520Session_04_Moodle.pdf"
"http://ROBOPROF.org/data#COMP6741_Lab02","foaf","file:///Users/sharanyu/Desktop/CleanIS/data/course_materials/COMP6741/Lectures/Lecture03/slides/VocabulariesAndOntologies03.pdf"
"http://ROBOPROF.org/data#COMP6741_Lab02","foaf","file:///Users/sharanyu/Desktop/CleanIS/data/course_materials/COMP6741/Lectures/Lecture02/worksheets/worksheet02.pdf"
"http://ROBOPROF.org/data#COMP6741_Lab02","foaf","file:///Users/sharanyu/Desktop/CleanIS/data/course_materials/COMP6741/Labs/Lab03/COMP-474-2234-UU_Lab%2520Session_03_Moodle.pdf"
"http://ROBOPROF.org/data#COMP6741_Lab02","foaf","file:///Users/sharanyu/Desktop/CleanIS/data/course_materials/COMP6741/Lectures/Lecture02/slides/KnowledgeBase02.pdf"
"http://ROBOPROF.org/data#COMP6741_Lab02","api","file:///Users/sharanyu/Desktop/CleanIS/data/course_materials/COMP6741/Labs/Lab04/COMP-474-2234-UU_Lab%2520Session_04_Moodle.pdf"
"http://ROBOPROF.org/data#COMP6741_Lab02","api","file:///Users/sharanyu/Desktop/CleanIS/data/course_materials/SOEN6431/Lectures/Lecture03/slides/TechnicalDebt03.pdf"
"http://ROBOPROF.org/data#COMP6741_Lab02","api","file:///Users/sharanyu/Desktop/CleanIS/data/course_materials/SOEN6431/Lectures/Lecture04/slides/MiningSoftwareRepositories04.pdf"
"http://ROBOPROF.org/data#COMP6741_Lab02","fuseki","file:///Users/sharanyu/Desktop/CleanIS/data/course_materials/COMP6741/Labs/Lab05/COMP-474-2234-UU_Lab%2520Session_05_Moodle.pdf"
"http://ROBOPROF.org/data#COMP6741_Lab02","fuseki","file:///Users/sharanyu/Desktop/CleanIS/data/course_materials/COMP6741/Labs/Lab04/COMP-474-2234-UU_Lab%2520Session_04_Moodle.pdf"
"http://ROBOPROF.org/data#COMP6741_Lab02","french","file:///Users/sharanyu/Desktop/CleanIS/data/course_materials/COMP6741/Lectures/Lecture02/worksheets/worksheet02.pdf"
"http://ROBOPROF.org/data#COMP6741_Lab02","french","file:///Users/sharanyu/Desktop/CleanIS/data/course_materials/COMP6741/Labs/Lab03/COMP-474-2234-UU_Lab%2520Session_03_Moodle.pdf"
"http://ROBOPROF.org/data#COMP6741_Lab02","french","file:///Users/sharanyu/Desktop/CleanIS/data/course_materials/COMP6741/Lectures/Lecture01/slides/Introduction_to_Intelligent_Systems01.pdf"
"http://ROBOPROF.org/data#COMP6741_Lab02","french","file:///Users/sharanyu/Desktop/CleanIS/data/course_materials/COMP6741/Lectures/Lecture02/slides/KnowledgeBase02.pdf"
"http://ROBOPROF.org/data#COMP6741_Lab02","google","file:///Users/sharanyu/Desktop/CleanIS/data/course_materials/COMP6741/Lectures/Lecture04/slides/BaseQueries_and_LinkedOpenDataset04.pdf"
"http://ROBOPROF.org/data#COMP6741_Lab02","google","file:///Users/sharanyu/Desktop/CleanIS/data/course_materials/COMP6741/Labs/Lab04/COMP-474-2234-UU_Lab%2520Session_04_Moodle.pdf"
"http://ROBOPROF.org/data#COMP6741_Lab02","google","file:///Users/sharanyu/Desktop/CleanIS/data/course_materials/COMP6741/Lectures/Lecture01/slides/Introduction_to_Intelligent_Systems01.pdf"
"http://ROBOPROF.org/data#COMP6741_Lab02","dataframes","file:///Users/sharanyu/Desktop/CleanIS/data/course_materials/COMP6741/Labs/Lab05/COMP-474-2234-UU_Lab%2520Session_05_Moodle.pdf"
"http://ROBOPROF.org/data#COMP6741_Lab02","owl","file:///Users/sharanyu/Desktop/CleanIS/data/course_materials/COMP6741/Lectures/Lecture04/slides/BaseQueries_and_LinkedOpenDataset04.pdf"
"http://ROBOPROF.org/data#COMP6741_Lab02","owl","file:///Users/sharanyu/Desktop/CleanIS/data/course_materials/COMP6741/Labs/Lab03/COMP-474-2234-UU_Lab%2520Session_03_Moodle.pdf"
"http://ROBOPROF.org/data#COMP6741_Lab02","owl","file:///Users/sharanyu/Desktop/CleanIS/data/course_materials/COMP6741/Lectures/Lecture02/slides/KnowledgeBase02.pdf"